verbatimScientificName,8712f1254ffffff,8712c1425ffffff,8712c10a0ffffff,8712c3850ffffff,8712c0700ffffff,8712c0351ffffff,8712c1016ffffff,8712c1013ffffff,8712c1010ffffff,8712c1cc9ffffff,8712f1addffffff,8712f1adaffffff,8712c11b3ffffff,8712c11b0ffffff,8712c030cffffff,8712f1373ffffff,8712f1370ffffff,8712f1364ffffff,8712f1361ffffff,8712f1355ffffff,8712f1343ffffff,8712c306effffff,8712c1c5affffff,8712c150bffffff,8712c4604ffffff,8712c12ccffffff,8712c10eaffffff,8712c0068ffffff,8712c3ad6ffffff,8712c1da0ffffff,8712c0241ffffff,8712c0adbffffff,8712c0374ffffff,8712ce933ffffff,8712c0353ffffff,8712c1012ffffff,8712c1ccbffffff,8712c1cc8ffffff,8712c0329ffffff,8712f1ad9ffffff,8712c11b5ffffff,8712c11b2ffffff,8712f1375ffffff,8712f1372ffffff,8712c1c8cffffff,8712c1194ffffff,8712c1c59ffffff,8712c4606ffffff,8712c0b94ffffff,8712c12ebffffff,8712c3aaeffffff,8712c3aabffffff,8712c4cd4ffffff,8712c3a8dffffff,8712e2711ffffff,8712c1ccdffffff,8712c032bffffff,8712f1adbffffff,8712c11b4ffffff,8712c0319ffffff,8712f1374ffffff,8712c1c88ffffff,8712c1196ffffff,8712f1356ffffff,8712c1c5bffffff,8712c4d99ffffff,8712c1c58ffffff
Alces alces,0.0,0.0,0.0,0.0,0.0,0.019230769230769232,0.012987012987012988,0.0,0.0,0.046875,0.0,0.0,0.0,0.0,0.0,0.0,0.02247191011235955,0.0,0.06060606060606061,0.0,0.0,0.18181818181818182,0.0,0.0,0.0,0.0,0.07407407407407407,0.06666666666666667,0.0,0.02631578947368421,0.0,0.024390243902439025,0.15,0.0,0.0,0.0,0.041666666666666664,0.0,0.016129032258064516,0.0,0.0,0.0,0.018518518518518517,0.0,0.0,0.014705882352941176,0.0,0.0,0.0,0.0,0.09090909090909091,0.0,0.29411764705882354,0.0,0.0,0.0,0.02127659574468085,0.0,0.0,0.0,0.0,0.0,0.0,0.0,0.0,0.0625,0.0
Alces alces andersoni,0.0,0.0,0.0,0.0,0.0,0.0,0.0,0.0,0.0,0.0,0.0,0.0,0.0,0.0,0.0,0.0,0.0,0.0,0.0,0.0,0.0,0.0,0.0,0.0,0.0,0.0,0.0,0.0,0.0,0.0,0.0,0.0,0.0,0.0,0.0,0.0,0.0,0.0,0.0,0.0,0.0,0.0,0.0,0.0,0.0,0.0,0.0,0.0,0.0,0.0,0.0,0.0,0.0,0.0,0.0,0.0,0.0,0.0,0.0,0.0,0.0,0.0,0.0,0.0,0.0,0.0,0.0
Alces alces shirasi,0.0,0.0,0.0,0.0,0.0,0.0,0.0,0.0,0.0,0.0,0.0,0.0,0.0,0.0,0.0,0.02564102564102564,0.02247191011235955,0.027777777777777776,0.030303030303030304,0.0,0.041666666666666664,0.0,0.0,0.0,0.0,0.0,0.0,0.0,0.0,0.0,0.0,0.0,0.0,0.0,0.0,0.0,0.0,0.0,0.0,0.0,0.0,0.0,0.0,0.02564102564102564,0.0,0.0,0.0,0.0,0.0,0.0,0.0,0.0,0.20588235294117646,0.0,0.0,0.0,0.0,0.020833333333333332,0.0,0.0,0.0,0.0,0.0,0.0,0.0,0.0625,0.0
Bison bison,0.0,0.0,0.0,0.0,0.0,0.0,0.0,0.0,0.0,0.0,0.0,0.0,0.0,0.0,0.0,0.0,0.0,0.0,0.0,0.0,0.0,0.0,0.0,0.0,0.0,0.0,0.0,0.0,0.0,0.0,0.0,0.0,0.0,0.0,0.0,0.0,0.0,0.0,0.0,0.0,0.0,0.0,0.0,0.0,0.0,0.0,0.0,0.0,0.0,0.0,0.0,0.0,0.0,0.0,0.0,0.0,0.0,0.0,0.0,0.0,0.0,0.0,0.0,0.0,0.0,0.0,0.0
Bison bison bison,0.0,0.0,0.0,0.0,0.0,0.0,0.0,0.0,0.0,0.0,0.0,0.0,0.0,0.0,0.0,0.0,0.0,0.0,0.0,0.0,0.0,0.0,0.0,0.0,0.0,0.0,0.0,0.0,0.0,0.0,0.0,0.0,0.0,0.0,0.0,0.0,0.0,0.0,0.0,0.0,0.0,0.0,0.0,0.0,0.0,0.0,0.0,0.0,0.0,0.0,0.0,0.0,0.0,0.0,0.0,0.0,0.0,0.0,0.0,0.0,0.0,0.0,0.0,0.0,0.0,0.0,0.0
Callospermophilus lateralis,0.5142857142857142,0.0,0.5333333333333333,0.11764705882352941,0.0,0.7884615384615384,0.06493506493506493,0.0,0.047619047619047616,0.046875,0.0,0.0,0.0,0.10204081632653061,0.6363636363636364,0.07692307692307693,0.02247191011235955,0.0,0.15151515151515152,0.0,0.625,0.18181818181818182,0.4375,0.0,0.25,0.0,0.0,0.26666666666666666,0.0,0.2631578947368421,0.4,0.1951219512195122,0.25,0.20689655172413793,0.7,0.0,0.0,0.02702702702702703,0.5645161290322581,0.0,0.038461538461538464,0.17391304347826086,0.037037037037037035,0.02564102564102564,0.9444444444444444,0.11764705882352941,0.5454545454545454,0.6111111111111112,0.5384615384615384,0.0,0.0,0.0,0.0,0.0,0.0,0.04,0.7446808510638298,0.0,0.030303030303030304,0.14285714285714285,0.01818181818181818,0.8,0.6976744186046512,0.5714285714285714,0.03333333333333333,0.0,0.5909090909090909
Callospermophilus lateralis tescorum,0.0,0.0,0.0,0.0,0.0,0.0,0.0,0.0,0.0,0.0,0.0,0.0,0.0,0.0,0.0,0.0,0.0,0.0,0.0,0.0,0.0,0.0,0.0,0.0,0.0,0.0,0.0,0.0,0.0,0.0,0.0,0.0,0.0,0.0,0.0,0.0,0.0,0.0,0.016129032258064516,0.0,0.0,0.0,0.0,0.0,0.0,0.0,0.045454545454545456,0.0,0.0,0.0,0.0,0.0,0.0,0.0,0.0,0.0,0.02127659574468085,0.0,0.0,0.0,0.0,0.0,0.023255813953488372,0.02857142857142857,0.0,0.0,0.0
Canis familiaris,0.0,0.0,0.0,0.0,0.0,0.0,0.0,0.0,0.0,0.0,0.0,0.0,0.0,0.0,0.0,0.0,0.0,0.0,0.0,0.0,0.0,0.0,0.0,0.0,0.0,0.0,0.0,0.0,0.0,0.0,0.0,0.0,0.0,0.0,0.0,0.0,0.0,0.0,0.0,0.0,0.0,0.0,0.0,0.0,0.0,0.0,0.0,0.0,0.0,0.0,0.0,0.0,0.0,0.0,0.0,0.0,0.0,0.0,0.0,0.0,0.0,0.0,0.0,0.0,0.0,0.0,0.0
Canis latrans,0.0,0.0,0.0,0.058823529411764705,0.5,0.0,0.05194805194805195,0.0,0.047619047619047616,0.1640625,0.041666666666666664,0.029411764705882353,0.21739130434782608,0.08163265306122448,0.0,0.05128205128205128,0.06741573033707865,0.0,0.06060606060606061,0.0,0.0,0.0,0.0,0.0,0.0,0.0,0.037037037037037035,0.0,0.0625,0.02631578947368421,0.0,0.07317073170731707,0.0,0.034482758620689655,0.0,0.14814814814814814,0.0,0.08108108108108109,0.0,0.08823529411764706,0.0,0.043478260869565216,0.037037037037037035,0.0,0.0,0.029411764705882353,0.0,0.0,0.0,0.0,0.18181818181818182,0.0,0.0,0.0,0.0,0.02,0.0,0.041666666666666664,0.030303030303030304,0.0,0.01818181818181818,0.0,0.0,0.0,0.03333333333333333,0.0,0.0
Canis latrans lestes,0.0,0.0,0.0,0.0,0.0,0.0,0.0,0.0,0.0,0.0,0.041666666666666664,0.0,0.0,0.0,0.0,0.0,0.0,0.0,0.0,0.0,0.0,0.0,0.0,0.0,0.0,0.0,0.0,0.0,0.0,0.0,0.0,0.0,0.0,0.0,0.0,0.0,0.0,0.0,0.0,0.029411764705882353,0.0,0.0,0.0,0.0,0.0,0.0,0.0,0.0,0.0,0.0,0.0,0.0,0.0,0.0,0.0,0.02,0.0,0.0,0.0,0.0,0.0,0.0,0.0,0.0,0.0,0.0,0.0
Canis lupus,0.0,0.0,0.0,0.0,0.0,0.0,0.0,0.0,0.0,0.03125,0.0,0.029411764705882353,0.0,0.0,0.0,0.0,0.0,0.0,0.030303030303030304,0.0,0.0,0.0,0.0,0.0,0.0,0.0,0.1111111111111111,0.0,0.0,0.0,0.0,0.0,0.0,0.0,0.0,0.0,0.0,0.0,0.0,0.029411764705882353,0.0,0.014492753623188406,0.0,0.0,0.0,0.014705882352941176,0.0,0.0,0.0,0.0,0.0,0.0,0.0,0.0,0.0,0.0,0.0,0.0,0.030303030303030304,0.0,0.01818181818181818,0.0,0.0,0.0,0.03333333333333333,0.0,0.0
Canis lupus occidentalis,0.0,0.0,0.0,0.0,0.0,0.0,0.0,0.0,0.0,0.0,0.0,0.0,0.0,0.0,0.0,0.0,0.0,0.0,0.0,0.0,0.0,0.0,0.0,0.0,0.0,0.0,0.0,0.0,0.0,0.0,0.0,0.0,0.0,0.0,0.0,0.0,0.0,0.0,0.0,0.0,0.0,0.0,0.018518518518518517,0.0,0.0,0.0,0.0,0.0,0.0,0.0,0.0,0.0,0.0,0.0,0.0,0.0,0.0,0.0,0.0,0.0,0.0,0.0,0.0,0.0,0.0,0.0,0.0
Castor canadensis,0.0,0.0,0.0,0.29411764705882354,0.0,0.0,0.012987012987012988,0.0,0.0,0.03125,0.0,0.029411764705882353,0.0,0.02040816326530612,0.0,0.0,0.0,0.0,0.0,0.02702702702702703,0.041666666666666664,0.0,0.0,0.0,0.0,0.42857142857142855,0.0,0.0,0.25,0.0,0.0,0.0,0.0,0.0,0.0,0.0,0.041666666666666664,0.0,0.0,0.0,0.0,0.0,0.0,0.0,0.0,0.0,0.0,0.0,0.038461538461538464,0.0,0.18181818181818182,0.03571428571428571,0.0,0.0,0.46153846153846156,0.04,0.0,0.0,0.0,0.0,0.03636363636363636,0.0,0.0,0.0,0.0,0.0,0.0
Cervus canadensis,0.02857142857142857,0.0,0.0,0.0,0.0,0.019230769230769232,0.4675324675324675,0.7142857142857143,0.47619047619047616,0.609375,0.2916666666666667,0.058823529411764705,0.5217391304347826,0.5714285714285714,0.0,0.38461538461538464,0.3595505617977528,0.16666666666666666,0.45454545454545453,0.2972972972972973,0.0,0.0,0.0,0.0,0.0,0.0,0.18518518518518517,0.06666666666666667,0.0,0.39473684210526316,0.0,0.14634146341463414,0.0,0.0,0.0,0.7777777777777778,0.20833333333333334,0.24324324324324326,0.03225806451612903,0.29411764705882354,0.6153846153846154,0.43478260869565216,0.2037037037037037,0.15384615384615385,0.05555555555555555,0.4264705882352941,0.045454545454545456,0.0,0.0,0.0,0.2727272727272727,0.0,0.029411764705882353,0.0,0.0,0.2,0.0,0.4375,0.36363636363636365,0.0,0.43636363636363634,0.06666666666666667,0.09302325581395349,0.02857142857142857,0.3333333333333333,0.0,0.09090909090909091
Cervus canadensis canadensis,0.0,0.0,0.0,0.0,0.0,0.0,0.09090909090909091,0.047619047619047616,0.0,0.09375,0.3333333333333333,0.2647058823529412,0.17391304347826086,0.04081632653061224,0.0,0.358974358974359,0.5842696629213483,0.08333333333333333,0.18181818181818182,0.5945945945945946,0.08333333333333333,0.0,0.0,0.0,0.0,0.0,0.0,0.0,0.0,0.02631578947368421,0.0,0.0,0.0,0.0,0.0,0.1111111111111111,0.041666666666666664,0.0,0.0,0.38235294117647056,0.23076923076923078,0.10144927536231885,0.4444444444444444,0.48717948717948717,0.0,0.058823529411764705,0.0,0.0,0.0,0.0,0.0,0.0,0.0,0.0,0.0,0.06,0.0,0.6041666666666666,0.12121212121212122,0.0,0.6545454545454545,0.022222222222222223,0.0,0.02857142857142857,0.03333333333333333,0.0,0.045454545454545456
Clethrionomys gapperi,0.0,0.0,0.0,0.0,0.0,0.0,0.0,0.0,0.0,0.0,0.0,0.0,0.0,0.0,0.0,0.0,0.0,0.0,0.0,0.0,0.0,0.0,0.0,0.0,0.0,0.0,0.0,0.06666666666666667,0.0,0.0,0.0,0.0,0.0,0.0,0.05,0.0,0.0,0.0,0.04838709677419355,0.0,0.0,0.014492753623188406,0.0,0.0,0.0,0.0,0.0,0.0,0.0,0.0,0.0,0.0,0.029411764705882353,0.0,0.0,0.0,0.0,0.0,0.0,0.0,0.0,0.0,0.0,0.0,0.0,0.0,0.0
Eptesicus fuscus,0.0,0.0,0.0,0.0,0.0,0.0,0.0,0.0,0.0,0.0,0.0,0.0,0.0,0.0,0.0,0.0,0.0,0.0,0.0,0.0,0.0,0.0,0.0,0.0,0.0,0.0,0.0,0.0,0.0,0.0,0.0,0.0,0.0,0.0,0.0,0.0,0.0,0.0,0.0,0.0,0.0,0.0,0.0,0.0,0.0,0.0,0.0,0.0,0.0,0.0,0.0,0.0,0.0,0.0,0.0,0.0,0.0,0.0,0.0,0.0,0.0,0.0,0.0,0.0,0.0,0.0,0.0
Equus caballus,0.0,0.0,0.0,0.0,0.0,0.0,0.0,0.0,0.0,0.0078125,0.0,0.0,0.0,0.0,0.0,0.0,0.0,0.0,0.0,0.0,0.0,0.0,0.0,0.0,0.0,0.0,0.0,0.0,0.0,0.0,0.0,0.0,0.0,0.0,0.0,0.0,0.0,0.0,0.016129032258064516,0.0,0.038461538461538464,0.0,0.0,0.0,0.0,0.0,0.0,0.0,0.0,0.0,0.0,0.0,0.0,0.0,0.0,0.0,0.0,0.0,0.0,0.0,0.0,0.0,0.0,0.0,0.0,0.0,0.0
Erethizon dorsatum,0.0,0.09090909090909091,0.0,0.0,0.0,0.019230769230769232,0.0,0.0,0.0,0.0,0.0,0.0,0.0,0.0,0.13636363636363635,0.0,0.011235955056179775,0.0,0.0,0.0,0.0,0.0,0.0,0.0,0.0,0.0,0.0,0.0,0.0,0.0,0.0,0.0,0.2,0.0,0.05,0.0,0.0,0.0,0.11290322580645161,0.0,0.0,0.0,0.0,0.0,0.0,0.0,0.0,0.0,0.0,0.0,0.0,0.0,0.0,0.0,0.0,0.0,0.02127659574468085,0.0,0.0,0.0,0.0,0.0,0.0,0.0,0.0,0.0,0.0
Felis catus,0.0,0.0,0.0,0.0,0.0,0.0,0.012987012987012988,0.0,0.0,0.0,0.0,0.0,0.0,0.0,0.0,0.0,0.011235955056179775,0.0,0.0,0.0,0.0,0.0,0.0,0.0,0.0,0.0,0.0,0.0,0.0,0.0,0.0,0.0,0.0,0.0,0.0,0.0,0.0,0.0,0.0,0.0,0.0,0.0,0.0,0.0,0.0,0.0,0.0,0.0,0.0,0.0,0.0,0.0,0.0,0.0,0.0,0.0,0.0,0.0,0.0,0.0,0.0,0.0,0.0,0.0,0.0,0.0,0.0
Glaucomys sabrinus,0.0,0.0,0.0,0.0,0.0,0.0,0.0,0.0,0.0,0.0,0.0,0.0,0.0,0.0,0.0,0.0,0.0,0.0,0.0,0.0,0.0,0.0,0.0,0.0,0.0,0.0,0.0,0.0,0.0,0.0,0.0,0.0,0.0,0.0,0.0,0.0,0.0,0.0,0.0,0.0,0.0,0.0,0.0,0.0,0.0,0.0,0.0,0.0,0.0,0.0,0.0,0.0,0.0,0.01282051282051282,0.0,0.0,0.0,0.0,0.0,0.0,0.0,0.0,0.0,0.0,0.0,0.0,0.0
Gulo gulo,0.0,0.0,0.0,0.0,0.0,0.0,0.0,0.0,0.0,0.0,0.0,0.0,0.0,0.0,0.0,0.0,0.0,0.0,0.0,0.0,0.0,0.0,0.0,0.0,0.0,0.0,0.0,0.0,0.0,0.0,0.0,0.0,0.0,0.0,0.0,0.0,0.0,0.0,0.0,0.0,0.0,0.0,0.0,0.0,0.0,0.0,0.0,0.0,0.0,0.0,0.0,0.0,0.0,0.0,0.0,0.0,0.0,0.0,0.0,0.0,0.0,0.0,0.0,0.0,0.0,0.0,0.0
Gulo gulo luscus,0.0,0.0,0.0,0.0,0.0,0.0,0.0,0.0,0.0,0.0,0.0,0.0,0.0,0.0,0.0,0.0,0.0,0.0,0.0,0.0,0.0,0.0,0.0,0.0,0.0,0.0,0.0,0.0,0.0,0.0,0.0,0.0,0.0,0.0,0.0,0.0,0.0,0.0,0.0,0.0,0.0,0.0,0.0,0.0,0.0,0.0,0.0,0.0,0.0,0.0,0.0,0.0,0.0,0.0,0.0,0.0,0.0,0.0,0.0,0.0,0.0,0.0,0.0,0.0,0.0,0.0,0.0
Ictidomys tridecemlineatus,0.0,0.0,0.0,0.0,0.0,0.0,0.0,0.0,0.0,0.0,0.0,0.0,0.0,0.0,0.0,0.0,0.0,0.0,0.0,0.0,0.0,0.0,0.0,0.0,0.0,0.0,0.0,0.0,0.0,0.0,0.0,0.0,0.0,0.0,0.0,0.0,0.0,0.0,0.0,0.0,0.0,0.0,0.0,0.0,0.0,0.0,0.0,0.0,0.0,0.0,0.0,0.0,0.0,0.0,0.0,0.0,0.0,0.0,0.0,0.0,0.0,0.0,0.0,0.0,0.0,0.0,0.0
Lasionycteris noctivagans,0.0,0.0,0.0,0.0,0.0,0.0,0.0,0.0,0.0,0.0,0.0,0.0,0.0,0.0,0.0,0.0,0.0,0.0,0.0,0.0,0.0,0.0,0.0,0.0,0.0,0.0,0.0,0.0,0.0,0.0,0.0,0.0,0.0,0.0,0.0,0.0,0.0,0.0,0.0,0.0,0.0,0.014492753623188406,0.0,0.0,0.0,0.0,0.0,0.0,0.0,0.0,0.0,0.0,0.029411764705882353,0.0,0.0,0.0,0.0,0.0,0.0,0.0,0.0,0.0,0.0,0.0,0.0,0.0,0.0
Lasiurus cinereus,0.0,0.0,0.0,0.0,0.0,0.0,0.0,0.0,0.0,0.0,0.0,0.0,0.0,0.0,0.0,0.0,0.0,0.0,0.0,0.0,0.0,0.0,0.0,0.0,0.0,0.0,0.0,0.0,0.0,0.0,0.0,0.0,0.0,0.0,0.0,0.0,0.0,0.0,0.0,0.0,0.0,0.0,0.0,0.0,0.0,0.0,0.0,0.0,0.0,0.0,0.0,0.0,0.0,0.0,0.0,0.0,0.0,0.0,0.0,0.0,0.0,0.0,0.0,0.0,0.0,0.0,0.0
Lemmus trimucronatus,0.0,0.0,0.0,0.0,0.0,0.0,0.0,0.0,0.0,0.0,0.0,0.0,0.0,0.0,0.0,0.0,0.0,0.0,0.0,0.0,0.0,0.0,0.0,0.0,0.0,0.0,0.0,0.0,0.0,0.0,0.0,0.0,0.0,0.0,0.0,0.0,0.0,0.0,0.0,0.0,0.0,0.0,0.0,0.0,0.0,0.0,0.0,0.0,0.0,0.0,0.0,0.0,0.0,0.0,0.0,0.0,0.0,0.0,0.0,0.0,0.0,0.0,0.0,0.0,0.0,0.0,0.0
Lepus americanus,0.0,0.0,0.0,0.11764705882352941,0.0,0.0,0.012987012987012988,0.0,0.0,0.0,0.0,0.08823529411764706,0.0,0.0,0.0,0.0,0.011235955056179775,0.0,0.030303030303030304,0.0,0.0,0.09090909090909091,0.0,0.0,0.0,0.0,0.1111111111111111,0.0,0.1875,0.0,0.0,0.0,0.0,0.0,0.05,0.0,0.041666666666666664,0.0,0.08064516129032258,0.0,0.0,0.0,0.018518518518518517,0.02564102564102564,0.0,0.0,0.0,0.0,0.07692307692307693,0.0,0.09090909090909091,0.03571428571428571,0.0,0.038461538461538464,0.038461538461538464,0.0,0.02127659574468085,0.0,0.0,0.0,0.0,0.0,0.0,0.0,0.0,0.0,0.0
Lepus townsendii,0.0,0.0,0.0,0.0,0.0,0.0,0.0,0.0,0.0,0.0,0.0,0.0,0.0,0.0,0.0,0.0,0.0,0.0,0.0,0.0,0.0,0.0,0.0,0.0,0.0,0.0,0.0,0.0,0.0,0.0,0.0,0.0,0.0,0.0,0.0,0.0,0.0,0.0,0.0,0.0,0.0,0.0,0.0,0.0,0.0,0.0,0.0,0.0,0.0,0.0,0.0,0.0,0.0,0.0,0.0,0.0,0.0,0.0,0.0,0.0,0.0,0.0,0.0,0.0,0.0,0.0,0.0
Lontra canadensis,0.0,0.0,0.0,0.0,0.0,0.0,0.012987012987012988,0.0,0.0,0.0,0.0,0.0,0.0,0.0,0.0,0.0,0.0,0.027777777777777776,0.0,0.0,0.0,0.0,0.0,0.0,0.0,0.0,0.0,0.0,0.0,0.0,0.0,0.0,0.0,0.0,0.0,0.0,0.0,0.02702702702702703,0.0,0.0,0.0,0.0,0.018518518518518517,0.0,0.0,0.0,0.0,0.0,0.0,0.0,0.18181818181818182,0.10714285714285714,0.0,0.0,0.0,0.0,0.0,0.0,0.0,0.0,0.0,0.0,0.0,0.0,0.0,0.0,0.0
Lynx canadensis,0.0,0.0,0.0,0.0,0.0,0.0,0.0,0.0,0.0,0.0,0.0,0.0,0.0,0.0,0.0,0.0,0.011235955056179775,0.0,0.0,0.0,0.0,0.0,0.0,0.0,0.0,0.0,0.037037037037037035,0.0,0.0,0.0,0.0,0.0,0.05,0.0,0.0,0.0,0.0,0.0,0.0,0.0,0.0,0.0,0.0,0.02564102564102564,0.0,0.0,0.0,0.0,0.0,0.0,0.0,0.0,0.0,0.0,0.0,0.0,0.0,0.0,0.0,0.0,0.0,0.0,0.0,0.0,0.0,0.0,0.0
Lynx rufus,0.0,0.0,0.0,0.0,0.0,0.0,0.0,0.0,0.0,0.0,0.0,0.0,0.0,0.0,0.0,0.0,0.0,0.0,0.0,0.0,0.0,0.0,0.0,0.0,0.0,0.14285714285714285,0.0,0.0,0.0,0.0,0.0,0.0,0.0,0.0,0.0,0.0,0.0,0.0,0.0,0.0,0.0,0.0,0.0,0.0,0.0,0.0,0.0,0.0,0.0,0.0,0.0,0.0,0.0,0.0,0.0,0.0,0.0,0.0,0.0,0.0,0.0,0.0,0.0,0.0,0.0,0.0,0.0
Marmota caligata,0.7142857142857143,0.0,0.13333333333333333,0.0,0.0,0.057692307692307696,0.0,0.0,0.0,0.0234375,0.0,0.0,0.043478260869565216,0.0,0.09090909090909091,0.0,0.0449438202247191,0.0,0.15151515151515152,0.0,0.0,0.0,0.25,0.0,0.0,0.14285714285714285,0.0,0.2,0.0,0.15789473684210525,0.4,0.0,0.0,0.27586206896551724,0.0,0.0,0.0,0.0,0.016129032258064516,0.0,0.0,0.0,0.0,0.0,0.0,0.0,0.0,0.0,0.11538461538461539,0.0,0.0,0.0,0.0,0.0,0.0,0.0,0.10638297872340426,0.0,0.0,0.7142857142857143,0.0,0.0,0.2558139534883721,0.6285714285714286,0.0,0.375,0.0
Marmota monax,0.0,0.0,0.0,0.0,0.0,0.0,0.0,0.0,0.0,0.0,0.0,0.0,0.0,0.0,0.0,0.0,0.0,0.0,0.0,0.0,0.0,0.0,0.0,0.0,0.0,0.0,0.0,0.0,0.0,0.0,0.0,0.0,0.0,0.0,0.0,0.0,0.0,0.0,0.0,0.0,0.0,0.0,0.0,0.0,0.0,0.0,0.0,0.0,0.0,0.0,0.0,0.0,0.0,0.0,0.0,0.0,0.0,0.0,0.0,0.0,0.0,0.0,0.0,0.0,0.0,0.0,0.0
Martes americana,0.02857142857142857,0.0,0.13333333333333333,0.0,0.25,0.0,0.0,0.0,0.047619047619047616,0.0234375,0.0,0.0,0.0,0.061224489795918366,0.0,0.0,0.0,0.0,0.0,0.0,0.0,0.0,0.0625,0.0,0.0,0.0,0.0,0.0,0.0,0.0,0.0,0.0,0.0,0.0,0.0,0.0,0.041666666666666664,0.0,0.016129032258064516,0.0,0.0,0.028985507246376812,0.0,0.05128205128205128,0.0,0.014705882352941176,0.0,0.0,0.038461538461538464,0.0,0.0,0.0,0.058823529411764705,0.0,0.038461538461538464,0.0,0.02127659574468085,0.041666666666666664,0.0,0.047619047619047616,0.0,0.044444444444444446,0.046511627906976744,0.0,0.0,0.0,0.0
Mephitis mephitis,0.0,0.0,0.0,0.058823529411764705,0.25,0.0,0.0,0.0,0.0,0.0,0.0,0.0,0.0,0.0,0.0,0.0,0.0,0.0,0.0,0.0,0.0,0.0,0.0,0.0,0.0,0.14285714285714285,0.037037037037037035,0.0,0.0,0.0,0.0,0.0,0.0,0.0,0.0,0.0,0.0,0.0,0.0,0.0,0.0,0.0,0.0,0.0,0.0,0.0,0.0,0.0,0.0,0.07692307692307693,0.0,0.0,0.0,0.0641025641025641,0.0,0.0,0.0,0.0,0.0,0.0,0.0,0.0,0.0,0.0,0.0,0.0,0.0
Microtus drummondii,0.0,0.0,0.0,0.0,0.0,0.0,0.0,0.0,0.0,0.0,0.0,0.0,0.0,0.0,0.0,0.0,0.0,0.0,0.0,0.0,0.0,0.0,0.0,0.0,0.0,0.0,0.0,0.0,0.0,0.0,0.0,0.0,0.0,0.0,0.0,0.0,0.0,0.0,0.0,0.0,0.0,0.0,0.0,0.0,0.0,0.0,0.0,0.0,0.0,0.0,0.0,0.0,0.0,0.0,0.0,0.0,0.0,0.0,0.0,0.0,0.0,0.0,0.0,0.0,0.0,0.0,0.0
Microtus richardsoni,0.0,0.0,0.0,0.0,0.0,0.0,0.0,0.0,0.0,0.0,0.0,0.0,0.0,0.0,0.0,0.0,0.0,0.0,0.0,0.0,0.0,0.0,0.0,0.0,0.0,0.0,0.0,0.0,0.0,0.0,0.0,0.0,0.0,0.034482758620689655,0.0,0.0,0.0,0.0,0.0,0.0,0.0,0.0,0.0,0.0,0.0,0.0,0.0,0.0,0.0,0.0,0.0,0.0,0.0,0.0,0.0,0.0,0.0,0.0,0.0,0.0,0.0,0.0,0.0,0.0,0.0,0.0,0.0
Mus musculus,0.0,0.0,0.0,0.0,0.0,0.0,0.0,0.0,0.0,0.0,0.0,0.0,0.0,0.0,0.0,0.0,0.0,0.0,0.0,0.0,0.0,0.0,0.0,0.0,0.0,0.0,0.0,0.0,0.0,0.0,0.0,0.0,0.0,0.0,0.0,0.0,0.0,0.0,0.0,0.0,0.0,0.0,0.0,0.02564102564102564,0.0,0.0,0.0,0.0,0.0,0.0,0.0,0.0,0.0,0.0,0.0,0.0,0.0,0.0,0.0,0.0,0.0,0.0,0.0,0.0,0.0,0.0,0.0
Mustela richardsonii,0.0,0.0,0.0,0.0,0.0,0.0,0.012987012987012988,0.0,0.0,0.015625,0.0,0.0,0.0,0.0,0.0,0.0,0.011235955056179775,0.0,0.0,0.0,0.0,0.045454545454545456,0.0625,0.0,0.0,0.0,0.037037037037037035,0.0,0.0,0.0,0.0,0.0,0.0,0.0,0.0,0.0,0.0,0.0,0.03225806451612903,0.0,0.0,0.0,0.0,0.0,0.0,0.0,0.0,0.0,0.0,0.0,0.0,0.0,0.0,0.0,0.0,0.0,0.0,0.0,0.0,0.0,0.0,0.0,0.0,0.0,0.0,0.0,0.0
Myotis evotis,0.0,0.0,0.0,0.0,0.0,0.0,0.0,0.0,0.0,0.0,0.0,0.0,0.0,0.0,0.0,0.0,0.0,0.0,0.0,0.0,0.0,0.0,0.0,0.0,0.0,0.0,0.0,0.0,0.0,0.0,0.0,0.0,0.0,0.0,0.0,0.0,0.0,0.0,0.0,0.0,0.0,0.0,0.0,0.0,0.0,0.0,0.0,0.0,0.0,0.0,0.0,0.0,0.0,0.0,0.0,0.0,0.0,0.0,0.0,0.0,0.0,0.0,0.0,0.0,0.0,0.0,0.0
Myotis lucifugus,0.0,0.0,0.0,0.0,0.0,0.0,0.0,0.0,0.0,0.0,0.0,0.0,0.0,0.0,0.0,0.0,0.0,0.0,0.0,0.0,0.0,0.0,0.0,0.0,0.0,0.0,0.0,0.0,0.0,0.0,0.0,0.0,0.0,0.0,0.0,0.0,0.0,0.0,0.0,0.0,0.0,0.0,0.0,0.0,0.0,0.0,0.0,0.0,0.0,0.0,0.0,0.0,0.0,0.0,0.0,0.0,0.0,0.0,0.0,0.0,0.0,0.0,0.0,0.0,0.0,0.0,0.0
Myotis volans,0.0,0.0,0.0,0.0,0.0,0.0,0.0,0.0,0.0,0.0,0.0,0.0,0.0,0.0,0.0,0.0,0.0,0.0,0.0,0.0,0.0,0.0,0.0,0.0,0.0,0.0,0.0,0.0,0.0,0.0,0.0,0.0,0.0,0.0,0.0,0.0,0.0,0.0,0.0,0.0,0.0,0.0,0.0,0.0,0.0,0.0,0.0,0.0,0.0,0.0,0.0,0.0,0.0,0.0,0.0,0.0,0.0,0.0,0.0,0.0,0.0,0.0,0.0,0.0,0.0,0.0,0.0
Neogale frenata,0.0,0.0,0.0,0.0,0.0,0.0,0.012987012987012988,0.0,0.047619047619047616,0.0,0.0,0.0,0.0,0.0,0.0,0.02564102564102564,0.0,0.0,0.0,0.0,0.0,0.0,0.0,0.0,0.0,0.0,0.0,0.0,0.0,0.0,0.0,0.0,0.0,0.034482758620689655,0.0,0.0,0.0,0.0,0.0,0.0,0.0,0.0,0.018518518518518517,0.02564102564102564,0.0,0.0,0.0,0.0,0.038461538461538464,0.0,0.0,0.0,0.0,0.0,0.0,0.0,0.0,0.0,0.0,0.0,0.0,0.0,0.0,0.0,0.0,0.0,0.0
Neogale vison,0.0,0.0,0.0,0.0,0.0,0.0,0.0,0.0,0.0,0.0,0.0,0.08823529411764706,0.0,0.0,0.0,0.0,0.011235955056179775,0.0,0.0,0.0,0.041666666666666664,0.0,0.0,0.0,0.0,0.0,0.037037037037037035,0.0,0.0,0.0,0.0,0.0,0.0,0.0,0.0,0.0,0.0,0.0,0.0,0.0,0.0,0.0,0.018518518518518517,0.0,0.0,0.0,0.0,0.0,0.0,0.0,0.0,0.0,0.0,0.0,0.0,0.0,0.0,0.0,0.0,0.0,0.0,0.0,0.0,0.0,0.0,0.0,0.0
Neotamias,0.0,0.0,0.0,0.0,0.0,0.0,0.012987012987012988,0.0,0.0,0.0,0.0,0.0,0.0,0.0,0.0,0.0,0.0,0.0,0.0,0.0,0.0,0.0,0.0,0.0,0.0,0.0,0.0,0.0,0.0,0.0,0.0,0.0,0.0,0.034482758620689655,0.0,0.0,0.0,0.0,0.0,0.0,0.0,0.0,0.0,0.0,0.0,0.0,0.0,0.0,0.0,0.0,0.0,0.0,0.0,0.0,0.0,0.0,0.02127659574468085,0.0,0.0,0.0,0.0,0.0,0.046511627906976744,0.0,0.0,0.0,0.0
Neotamias amoenus,0.0,0.0,0.13333333333333333,0.058823529411764705,0.0,0.0,0.012987012987012988,0.0,0.0,0.0390625,0.0,0.0,0.0,0.0,0.0,0.0,0.0,0.0,0.0,0.0,0.0,0.0,0.0,0.0,0.0,0.0,0.0,0.0,0.0,0.0,0.06666666666666667,0.0,0.0,0.0,0.0,0.0,0.08333333333333333,0.0,0.0,0.0,0.0,0.0,0.0,0.0,0.0,0.014705882352941176,0.045454545454545456,0.05555555555555555,0.0,0.0,0.0,0.0,0.0,0.0,0.038461538461538464,0.0,0.02127659574468085,0.0,0.0,0.0,0.0,0.0,0.0,0.0,0.0,0.0,0.0
Neotamias minimus,0.0,0.0,0.26666666666666666,0.0,0.0,0.038461538461538464,0.012987012987012988,0.0,0.0,0.03125,0.0,0.0,0.0,0.04081632653061224,0.045454545454545456,0.0,0.033707865168539325,0.2222222222222222,0.06060606060606061,0.0,0.2916666666666667,0.045454545454545456,0.0,0.3333333333333333,0.3125,0.0,0.037037037037037035,0.0,0.0,0.07894736842105263,0.0,0.04878048780487805,0.0,0.13793103448275862,0.05,0.0,0.0,0.0,0.11290322580645161,0.0,0.038461538461538464,0.07246376811594203,0.018518518518518517,0.02564102564102564,0.0,0.0,0.0,0.16666666666666666,0.038461538461538464,0.0,0.0,0.0,0.058823529411764705,0.0,0.11538461538461539,0.04,0.0851063829787234,0.041666666666666664,0.0,0.047619047619047616,0.01818181818181818,0.022222222222222223,0.023255813953488372,0.0,0.03333333333333333,0.0625,0.09090909090909091
Neotamias minimus selkirki,0.0,0.0,0.0,0.0,0.0,0.0,0.0,0.0,0.0,0.0,0.0,0.0,0.0,0.0,0.0,0.0,0.0,0.0,0.0,0.0,0.0,0.22727272727272727,0.0,0.0,0.0,0.0,0.0,0.0,0.0,0.0,0.0,0.0,0.0,0.0,0.0,0.0,0.0,0.0,0.0,0.0,0.0,0.0,0.0,0.0,0.0,0.0,0.0,0.0,0.0,0.0,0.0,0.0,0.0,0.0,0.0,0.0,0.0,0.0,0.0,0.0,0.0,0.0,0.0,0.0,0.0,0.0,0.0
Neotoma cinerea,0.0,0.0,0.0,0.11764705882352941,0.0,0.0,0.0,0.0,0.0,0.0,0.0,0.0,0.0,0.0,0.0,0.0,0.0,0.0,0.0,0.0,0.0,0.0,0.0,0.0,0.0,0.0,0.0,0.0,0.0,0.0,0.0,0.0,0.0,0.034482758620689655,0.0,0.0,0.0,0.0,0.0,0.0,0.0,0.0,0.0,0.0,0.0,0.0,0.0,0.0,0.0,0.0,0.0,0.0,0.0,0.0,0.0,0.0,0.0,0.0,0.0,0.047619047619047616,0.0,0.0,0.0,0.0,0.0,0.0,0.0
Ochotona princeps,0.6285714285714286,0.0,0.06666666666666667,0.0,0.0,0.4807692307692308,0.012987012987012988,0.0,0.0,0.03125,0.0,0.0,0.0,0.0,0.22727272727272727,0.0,0.033707865168539325,0.0,0.06060606060606061,0.0,0.0,0.0,0.375,0.0,0.0625,0.0,0.0,0.0,0.0,0.0,0.6666666666666666,0.07317073170731707,0.0,0.4482758620689655,0.05,0.0,0.0,0.0,0.03225806451612903,0.0,0.0,0.0,0.0,0.0,0.0,0.0,0.0,0.0,0.038461538461538464,0.0,0.0,0.0,0.0,0.0,0.0,0.02,0.3829787234042553,0.0,0.0,0.3333333333333333,0.0,0.0,0.11627906976744186,0.4,0.0,0.3125,0.0
Ochotona princeps princeps,0.0,0.0,0.0,0.0,0.0,0.0,0.0,0.0,0.0,0.0,0.0,0.0,0.0,0.0,0.0,0.0,0.0,0.0,0.0,0.0,0.0,0.0,0.0,0.0,0.0,0.0,0.0,0.0,0.0,0.0,0.0,0.0,0.0,0.0,0.0,0.0,0.0,0.0,0.0,0.0,0.0,0.0,0.0,0.0,0.0,0.0,0.0,0.0,0.0,0.0,0.0,0.0,0.0,0.0,0.0,0.0,0.0,0.0,0.0,0.0,0.0,0.0,0.0,0.02857142857142857,0.0,0.0,0.0
Odocoileus hemionus,0.02857142857142857,0.09090909090909091,0.0,0.0,0.08333333333333333,0.019230769230769232,0.09090909090909091,0.14285714285714285,0.19047619047619047,0.46875,0.0,0.11764705882352941,0.043478260869565216,0.10204081632653061,0.0,0.0,0.06741573033707865,0.05555555555555555,0.21212121212121213,0.0,0.0,0.5,0.0625,0.26666666666666666,0.0,0.0,0.0,0.06666666666666667,0.0,0.18421052631578946,0.0,0.0,0.0,0.0,0.05,0.14814814814814814,0.08333333333333333,0.1891891891891892,0.016129032258064516,0.0,0.0,0.36231884057971014,0.14814814814814814,0.02564102564102564,0.0,0.39705882352941174,0.045454545454545456,0.0,0.038461538461538464,0.3076923076923077,0.09090909090909091,0.2857142857142857,0.11764705882352941,0.11538461538461539,0.0,0.28,0.0,0.08333333333333333,0.09090909090909091,0.0,0.05454545454545454,0.06666666666666667,0.13953488372093023,0.0,0.03333333333333333,0.0,0.13636363636363635
Odocoileus hemionus hemionus,0.0,0.09090909090909091,0.0,0.0,0.0,0.0,0.012987012987012988,0.0,0.0,0.09375,0.0,0.0,0.0,0.02040816326530612,0.0,0.0,0.056179775280898875,0.05555555555555555,0.030303030303030304,0.0,0.0,0.13636363636363635,0.0,0.0,0.0,0.0,0.0,0.0,0.0,0.02631578947368421,0.0,0.0,0.0,0.0,0.0,0.037037037037037035,0.0,0.08108108108108109,0.0,0.029411764705882353,0.0,0.014492753623188406,0.07407407407407407,0.05128205128205128,0.0,0.029411764705882353,0.0,0.0,0.0,0.0,0.2727272727272727,0.5,0.23529411764705882,0.717948717948718,0.0,0.12,0.0,0.0,0.0,0.0,0.01818181818181818,0.0,0.023255813953488372,0.0,0.03333333333333333,0.0,0.045454545454545456
Odocoileus hemionus Ã— virginianus,0.0,0.0,0.0,0.0,0.0,0.0,0.0,0.0,0.0,0.0,0.0,0.0,0.0,0.0,0.0,0.0,0.0,0.0,0.0,0.0,0.0,0.0,0.0,0.0,0.0,0.0,0.0,0.0,0.0,0.0,0.0,0.0,0.0,0.0,0.0,0.0,0.0,0.0,0.0,0.0,0.0,0.0,0.0,0.0,0.0,0.0,0.0,0.0,0.0,0.0,0.0,0.0,0.0,0.0,0.0,0.0,0.0,0.0,0.0,0.0,0.0,0.0,0.0,0.0,0.0,0.0,0.0
Odocoileus virginianus,0.0,0.0,0.0,0.0,0.6666666666666666,0.0,0.012987012987012988,0.0,0.0,0.0546875,0.0,0.08823529411764706,0.08695652173913043,0.14285714285714285,0.0,0.10256410256410256,0.06741573033707865,0.0,0.06060606060606061,0.02702702702702703,0.0,0.36363636363636365,0.0625,0.0,0.0,0.2857142857142857,0.2962962962962963,0.0,0.3125,0.10526315789473684,0.0,0.0,0.0,0.0,0.0,0.1111111111111111,0.08333333333333333,0.02702702702702703,0.016129032258064516,0.029411764705882353,0.15384615384615385,0.028985507246376812,0.018518518518518517,0.05128205128205128,0.0,0.029411764705882353,0.045454545454545456,0.0,0.0,0.07692307692307693,0.18181818181818182,0.03571428571428571,0.0,0.0,0.07692307692307693,0.0,0.0,0.041666666666666664,0.06060606060606061,0.0,0.03636363636363636,0.022222222222222223,0.0,0.0,0.2,0.0,0.09090909090909091
Odocoileus virginianus dacotensis,0.0,0.0,0.0,0.0,0.0,0.0,0.0,0.0,0.0,0.0,0.0,0.0,0.0,0.0,0.0,0.0,0.0,0.0,0.0,0.0,0.0,0.0,0.0,0.0,0.0,0.0,0.0,0.0,0.0,0.0,0.0,0.0,0.0,0.0,0.0,0.0,0.0,0.0,0.0,0.0,0.0,0.0,0.0,0.0,0.0,0.0,0.0,0.0,0.0,0.0,0.0,0.0,0.0,0.0,0.0,0.0,0.0,0.0,0.0,0.0,0.0,0.0,0.0,0.0,0.0,0.0,0.0
Odocoileus virginianus ochrourus,0.0,0.0,0.0,0.0,0.0,0.0,0.0,0.0,0.0,0.0,0.0,0.0,0.0,0.0,0.0,0.0,0.0,0.0,0.0,0.0,0.0,0.0,0.0,0.0,0.0,0.0,0.0,0.0,0.0,0.0,0.0,0.0,0.0,0.0,0.0,0.0,0.0,0.0,0.0,0.0,0.0,0.0,0.0,0.0,0.0,0.0,0.045454545454545456,0.0,0.0,0.0,0.0,0.0,0.0,0.0,0.0,0.0,0.0,0.0,0.0,0.0,0.01818181818181818,0.0,0.0,0.0,0.0,0.0,0.0
Ondatra zibethicus,0.0,0.0,0.0,0.0,0.0,0.0,0.025974025974025976,0.0,0.0,0.0625,0.0,0.0,0.0,0.0,0.0,0.0,0.0,0.0,0.0,0.0,0.0,0.045454545454545456,0.0,0.0,0.0,0.0,0.0,0.0,0.0,0.0,0.0,0.0,0.0,0.0,0.0,0.0,0.125,0.16216216216216217,0.0,0.0,0.0,0.0,0.018518518518518517,0.0,0.0,0.0,0.0,0.0,0.0,0.0,0.18181818181818182,0.07142857142857142,0.0,0.01282051282051282,0.15384615384615385,0.0,0.0,0.0,0.0,0.0,0.01818181818181818,0.0,0.0,0.0,0.0,0.0,0.0
Oreamnos americanus,0.0,0.0,0.0,0.0,0.0,0.0,0.0,0.0,0.0,0.0,0.0,0.029411764705882353,0.0,0.0,0.0,0.0,0.0,0.0,0.0,0.0,0.041666666666666664,0.0,0.0,0.0,0.0,0.0,0.0,0.0,0.0,0.02631578947368421,0.0,0.0,0.0,0.0,0.0,0.0,0.0,0.0,0.016129032258064516,0.0,0.0,0.0,0.0,0.0,0.0,0.0,0.0,0.0,0.0,0.0,0.0,0.0,0.0,0.0,0.0,0.0,0.02127659574468085,0.0,0.0,0.0,0.0,0.0,0.0,0.0,0.0,0.0,0.0
Oryctolagus cuniculus,0.0,0.0,0.0,0.0,0.0,0.0,0.1038961038961039,0.0,0.09523809523809523,0.0,0.0,0.0,0.0,0.0,0.0,0.0,0.0,0.0,0.0,0.0,0.0,0.0,0.0,0.0,0.0,0.0,0.0,0.0,0.0,0.0,0.0,0.0,0.0,0.0,0.0,0.0,0.0,0.0,0.0,0.0,0.0,0.0,0.0,0.0,0.0,0.0,0.0,0.05555555555555555,0.0,0.0,0.0,0.0,0.0,0.0,0.0,0.0,0.0,0.0,0.0,0.0,0.0,0.0,0.0,0.0,0.0,0.0,0.0
Oryctolagus cuniculus domesticus,0.0,0.0,0.0,0.0,0.0,0.0,0.33766233766233766,0.0,0.0,0.0078125,0.0,0.0,0.0,0.0,0.0,0.0,0.0,0.0,0.0,0.0,0.0,0.0,0.0,0.0,0.0,0.0,0.0,0.0,0.0,0.0,0.0,0.0,0.0,0.0,0.0,0.0,0.0,0.0,0.0,0.0,0.0,0.0,0.0,0.0,0.0,0.0,0.0,0.0,0.0,0.0,0.0,0.0,0.0,0.0,0.0,0.0,0.02127659574468085,0.0,0.0,0.0,0.0,0.0,0.0,0.0,0.0,0.0,0.0
Ovis canadensis,0.0,0.09090909090909091,0.06666666666666667,0.0,0.08333333333333333,0.0,0.012987012987012988,0.047619047619047616,0.047619047619047616,0.015625,0.041666666666666664,0.0,0.08695652173913043,0.04081632653061224,0.0,0.05128205128205128,0.011235955056179775,0.027777777777777776,0.030303030303030304,0.0,0.041666666666666664,0.0,0.125,0.06666666666666667,0.0625,0.0,0.1111111111111111,0.0,0.0,0.0,0.0,0.024390243902439025,0.0,0.0,0.0,0.0,0.125,0.10810810810810811,0.0,0.058823529411764705,0.038461538461538464,0.057971014492753624,0.05555555555555555,0.0,0.0,0.04411764705882353,0.045454545454545456,0.05555555555555555,0.0,0.0,0.0,0.0,0.0,0.0,0.0,0.02,0.0,0.0,0.06060606060606061,0.0,0.01818181818181818,0.0,0.09302325581395349,0.02857142857142857,0.16666666666666666,0.0,0.045454545454545456
Ovis canadensis canadensis,0.0,0.09090909090909091,0.0,0.0,0.0,0.0,0.025974025974025976,0.0,0.047619047619047616,0.0,0.16666666666666666,0.0,0.043478260869565216,0.0,0.0,0.05128205128205128,0.02247191011235955,0.05555555555555555,0.030303030303030304,0.0,0.0,0.0,0.0,0.0,0.0,0.0,0.0,0.0,0.0,0.0,0.0,0.0,0.0,0.0,0.0,0.0,0.0,0.0,0.016129032258064516,0.029411764705882353,0.0,0.0,0.018518518518518517,0.0,0.0,0.0,0.09090909090909091,0.0,0.0,0.0,0.0,0.0,0.0,0.0,0.0,0.0,0.0,0.0,0.06060606060606061,0.0,0.0,0.0,0.0,0.02857142857142857,0.0,0.0,0.0
Pekania pennanti,0.0,0.0,0.0,0.0,0.0,0.0,0.0,0.0,0.0,0.0,0.0,0.0,0.0,0.0,0.0,0.0,0.0,0.0,0.0,0.0,0.0,0.0,0.0,0.0,0.0,0.0,0.0,0.0,0.0,0.0,0.0,0.0,0.0,0.0,0.0,0.0,0.0,0.0,0.0,0.0,0.0,0.0,0.0,0.0,0.0,0.0,0.0,0.0,0.0,0.0,0.0,0.0,0.0,0.0,0.0,0.0,0.0,0.0,0.0,0.0,0.0,0.0,0.0,0.0,0.0,0.0,0.0
Peromyscus sonoriensis,0.0,0.0,0.0,0.058823529411764705,0.0,0.0,0.0,0.0,0.0,0.0,0.0,0.0,0.0,0.0,0.0,0.0,0.0,0.0,0.0,0.0,0.0,0.0,0.0,0.0,0.0,0.14285714285714285,0.0,0.0,0.0,0.0,0.0,0.024390243902439025,0.0,0.0,0.0,0.0,0.0,0.0,0.0,0.0,0.0,0.0,0.0,0.02564102564102564,0.0,0.0,0.0,0.0,0.0,0.07692307692307693,0.0,0.0,0.0,0.01282051282051282,0.0,0.0,0.0,0.0,0.0,0.0,0.0,0.0,0.0,0.0,0.0,0.0,0.0
Procyon lotor,0.0,0.0,0.0,0.0,0.0,0.0,0.0,0.0,0.0,0.0,0.0,0.0,0.0,0.0,0.0,0.0,0.0,0.0,0.0,0.0,0.0,0.0,0.0,0.0,0.0,0.0,0.0,0.0,0.0,0.0,0.0,0.0,0.0,0.0,0.0,0.0,0.0,0.0,0.0,0.0,0.0,0.0,0.0,0.0,0.0,0.0,0.0,0.0,0.0,0.0,0.0,0.0,0.0,0.0,0.0,0.0,0.0,0.0,0.0,0.0,0.0,0.0,0.0,0.0,0.0,0.0,0.0
Puma concolor,0.0,0.0,0.0,0.058823529411764705,0.0,0.0,0.0,0.0,0.0,0.0,0.0,0.0,0.0,0.0,0.0,0.0,0.0,0.0,0.0,0.0,0.0,0.0,0.0,0.0,0.0,0.0,0.037037037037037035,0.0,0.0,0.0,0.0,0.0,0.0,0.0,0.0,0.0,0.0,0.0,0.0,0.0,0.0,0.0,0.0,0.0,0.0,0.0,0.0,0.0,0.0,0.07692307692307693,0.0,0.0,0.0,0.0,0.0,0.0,0.0,0.0,0.0,0.0,0.01818181818181818,0.0,0.0,0.0,0.0,0.0,0.0
Puma concolor couguar,0.0,0.0,0.0,0.0,0.0,0.0,0.0,0.0,0.0,0.0,0.0,0.0,0.0,0.0,0.0,0.0,0.0,0.0,0.0,0.0,0.0,0.0,0.0,0.0,0.0,0.0,0.0,0.0,0.0,0.0,0.0,0.0,0.0,0.0,0.0,0.0,0.0,0.0,0.0,0.0,0.0,0.0,0.0,0.0,0.0,0.0,0.0,0.0,0.0,0.0,0.0,0.0,0.0,0.0,0.0,0.0,0.0,0.0,0.0,0.0,0.0,0.0,0.0,0.0,0.0,0.0,0.0
Rangifer tarandus,0.0,0.0,0.0,0.0,0.0,0.0,0.0,0.0,0.0,0.0,0.0,0.0,0.0,0.0,0.0,0.0,0.0,0.0,0.0,0.0,0.0,0.0,0.0,0.0,0.0,0.0,0.0,0.0,0.0,0.0,0.0,0.0,0.0,0.0,0.0,0.0,0.0,0.0,0.0,0.0,0.0,0.0,0.0,0.0,0.0,0.0,0.0,0.0,0.0,0.0,0.0,0.0,0.0,0.0,0.0,0.0,0.0,0.0,0.0,0.0,0.0,0.0,0.0,0.0,0.0,0.0,0.0
Rangifer tarandus caribou,0.0,0.0,0.0,0.0,0.0,0.0,0.0,0.0,0.0,0.0,0.0,0.0,0.0,0.0,0.0,0.0,0.0,0.0,0.0,0.0,0.0,0.0,0.0,0.0,0.0,0.0,0.0,0.0,0.0,0.0,0.0,0.0,0.0,0.0,0.0,0.0,0.0,0.0,0.0,0.0,0.0,0.0,0.0,0.0,0.0,0.0,0.0,0.0,0.0,0.0,0.0,0.0,0.0,0.0,0.0,0.0,0.0,0.0,0.0,0.0,0.0,0.0,0.0,0.0,0.0,0.0,0.0
Sciurus carolinensis,0.0,0.0,0.0,0.0,0.0,0.0,0.0,0.0,0.0,0.0,0.0,0.0,0.0,0.0,0.0,0.0,0.0,0.0,0.0,0.0,0.0,0.0,0.0,0.0,0.0,0.0,0.0,0.0,0.0,0.0,0.0,0.0,0.0,0.0,0.0,0.0,0.0,0.0,0.0,0.0,0.0,0.0,0.0,0.0,0.0,0.0,0.0,0.0,0.0,0.0,0.0,0.0,0.0,0.0,0.0,0.0,0.0,0.0,0.0,0.0,0.0,0.0,0.0,0.0,0.0,0.0,0.0
Sorex cinereus,0.0,0.0,0.0,0.0,0.08333333333333333,0.0,0.0,0.0,0.0,0.0078125,0.0,0.0,0.0,0.0,0.0,0.0,0.0,0.0,0.0,0.0,0.0,0.0,0.0,0.0,0.0,0.0,0.0,0.0,0.0,0.0,0.0,0.0,0.0,0.0,0.0,0.0,0.0,0.0,0.0,0.0,0.0,0.0,0.0,0.0,0.0,0.0,0.0,0.0,0.0,0.0,0.0,0.0,0.0,0.0,0.0,0.0,0.0,0.0,0.0,0.0,0.0,0.0,0.0,0.0,0.0,0.0,0.0
Sorex vagrans,0.0,0.0,0.0,0.0,0.0,0.0,0.0,0.0,0.0,0.0,0.0,0.0,0.0,0.0,0.0,0.0,0.0,0.0,0.0,0.0,0.0,0.0,0.0,0.0,0.0,0.0,0.0,0.0,0.0,0.0,0.0,0.0,0.0,0.0,0.0,0.0,0.0,0.0,0.0,0.0,0.0,0.0,0.0,0.0,0.0,0.0,0.0,0.0,0.0,0.0,0.0,0.0,0.0,0.0,0.0,0.0,0.0,0.0,0.0,0.0,0.0,0.0,0.0,0.0,0.0,0.0,0.0
Tamiasciurus hudsonicus,0.0,0.0,0.3333333333333333,0.17647058823529413,0.08333333333333333,0.07692307692307693,0.19480519480519481,0.19047619047619047,0.14285714285714285,0.3828125,0.16666666666666666,0.4117647058823529,0.13043478260869565,0.22448979591836735,0.0,0.1794871794871795,0.14606741573033707,0.3888888888888889,0.09090909090909091,0.13513513513513514,0.125,0.13636363636363635,0.1875,0.0,0.1875,0.42857142857142855,0.2962962962962963,0.13333333333333333,0.625,0.21052631578947367,0.0,0.0975609756097561,0.1,0.06896551724137931,0.05,0.4444444444444444,0.4583333333333333,0.05405405405405406,0.1935483870967742,0.08823529411764706,0.038461538461538464,0.11594202898550725,0.14814814814814814,0.05128205128205128,0.3888888888888889,0.17647058823529413,0.0,0.1111111111111111,0.23076923076923078,0.15384615384615385,0.0,0.0,0.3235294117647059,0.2948717948717949,0.46153846153846156,0.18,0.10638297872340426,0.1875,0.06060606060606061,0.0,0.07272727272727272,0.2,0.09302325581395349,0.0,0.13333333333333333,0.0,0.13636363636363635
Taxidea taxus,0.0,0.0,0.0,0.0,0.0,0.0,0.0,0.0,0.0,0.0,0.0,0.0,0.0,0.0,0.0,0.0,0.0,0.0,0.0,0.0,0.0,0.0,0.0,0.0,0.0,0.0,0.0,0.0,0.0,0.0,0.0,0.0,0.0,0.0,0.0,0.0,0.0,0.0,0.0,0.0,0.0,0.0,0.0,0.0,0.0,0.0,0.0,0.0,0.0,0.0,0.0,0.0,0.0,0.0,0.0,0.0,0.0,0.0,0.0,0.0,0.0,0.0,0.0,0.0,0.0,0.0,0.0
Taxidea taxus jeffersonii,0.0,0.0,0.0,0.0,0.0,0.0,0.0,0.0,0.0,0.0,0.0,0.0,0.0,0.0,0.0,0.0,0.0,0.0,0.0,0.0,0.0,0.0,0.0,0.0,0.0,0.0,0.0,0.0,0.0,0.0,0.0,0.0,0.0,0.0,0.0,0.0,0.0,0.0,0.0,0.0,0.0,0.0,0.0,0.0,0.0,0.0,0.0,0.0,0.0,0.0,0.0,0.0,0.0,0.0,0.0,0.0,0.0,0.0,0.0,0.0,0.0,0.0,0.0,0.0,0.0,0.0,0.0
Thomomys talpoides,0.0,0.0,0.0,0.0,0.0,0.0,0.0,0.0,0.0,0.0,0.0,0.0,0.0,0.0,0.0,0.0,0.0,0.0,0.0,0.0,0.0,0.0,0.0,0.0,0.0,0.0,0.0,0.0,0.0,0.0,0.0,0.0,0.0,0.0,0.0,0.0,0.0,0.0,0.0,0.0,0.0,0.0,0.0,0.0,0.0,0.0,0.0,0.0,0.0,0.0,0.0,0.0,0.0,0.0,0.0,0.0,0.0,0.0,0.0,0.0,0.0,0.0,0.0,0.0,0.0,0.0,0.0
Urocitellus columbianus,0.11428571428571428,1.0,0.13333333333333333,0.0,0.0,0.0,0.16883116883116883,0.047619047619047616,0.23809523809523808,0.203125,0.0,0.0,0.08695652173913043,0.16326530612244897,0.13636363636363635,0.1794871794871795,0.1348314606741573,0.0,0.06060606060606061,0.21621621621621623,0.125,0.18181818181818182,0.0,0.8666666666666667,0.875,0.7142857142857143,0.0,0.5333333333333333,0.125,0.2894736842105263,0.0,0.5365853658536586,0.5,0.5172413793103449,0.35,0.037037037037037035,0.0,0.40540540540540543,0.3387096774193548,0.08823529411764706,0.038461538461538464,0.2028985507246377,0.25925925925925924,0.0,0.0,0.25,0.09090909090909091,0.2777777777777778,0.07692307692307693,0.5384615384615384,0.09090909090909091,0.07142857142857142,0.058823529411764705,0.05128205128205128,0.0,0.28,0.14893617021276595,0.041666666666666664,0.5757575757575758,0.14285714285714285,0.16363636363636364,0.06666666666666667,0.046511627906976744,0.11428571428571428,0.23333333333333334,0.0,0.09090909090909091
Urocitellus columbianus columbianus,0.0,0.0,0.0,0.0,0.0,0.0,0.0,0.0,0.0,0.0,0.0,0.0,0.0,0.0,0.0,0.0,0.0,0.0,0.0,0.0,0.0,0.0,0.0,0.0,0.0,0.0,0.0,0.0,0.0,0.0,0.0,0.0,0.0,0.0,0.0,0.0,0.0,0.0,0.0,0.0,0.0,0.0,0.0,0.0,0.0,0.0,0.0,0.0,0.0,0.0,0.0,0.0,0.0,0.0,0.0,0.0,0.0,0.0,0.0,0.0,0.0,0.0,0.0,0.0,0.0,0.0,0.0
Urocitellus richardsonii,0.0,0.0,0.0,0.0,0.0,0.0,0.025974025974025976,0.0,0.0,0.0078125,0.0,0.0,0.0,0.0,0.0,0.0,0.0,0.0,0.0,0.0,0.0,0.0,0.0,0.0,0.0,0.0,0.0,0.0,0.0,0.0,0.0,0.0,0.0,0.0,0.0,0.0,0.0,0.0,0.0,0.0,0.0,0.0,0.0,0.0,0.0,0.0,0.0,0.0,0.0,0.0,0.0,0.0,0.0,0.0,0.0,0.0,0.0,0.0,0.0,0.0,0.0,0.0,0.0,0.0,0.0,0.0,0.0
Ursus americanus,0.02857142857142857,0.0,0.0,0.29411764705882354,0.5833333333333334,0.0,0.03896103896103896,0.0,0.0,0.0546875,0.0,0.029411764705882353,0.13043478260869565,0.02040816326530612,0.045454545454545456,0.20512820512820512,0.11235955056179775,0.2222222222222222,0.30303030303030304,0.05405405405405406,0.08333333333333333,0.36363636363636365,0.0625,0.0,0.0,0.14285714285714285,0.0,0.0,0.0,0.3684210526315789,0.06666666666666667,0.0975609756097561,0.05,0.0,0.05,0.0,0.041666666666666664,0.08108108108108109,0.0,0.058823529411764705,0.07692307692307693,0.014492753623188406,0.05555555555555555,0.1794871794871795,0.0,0.04411764705882353,0.0,0.0,0.07692307692307693,0.07692307692307693,0.0,0.03571428571428571,0.058823529411764705,0.10256410256410256,0.0,0.16,0.0,0.0625,0.0,0.0,0.12727272727272726,0.044444444444444446,0.023255813953488372,0.02857142857142857,0.03333333333333333,0.4375,0.045454545454545456
Ursus americanus americanus,0.0,0.0,0.0,0.0,0.0,0.0,0.0,0.0,0.0,0.0,0.0,0.0,0.0,0.0,0.0,0.0,0.0,0.0,0.0,0.0,0.0,0.0,0.0,0.0,0.0,0.0,0.0,0.0,0.0,0.0,0.0,0.0,0.0,0.0,0.0,0.0,0.0,0.0,0.0,0.0,0.0,0.0,0.0,0.0,0.0,0.0,0.0,0.0,0.0,0.0,0.0,0.0,0.0,0.0,0.0,0.02,0.0,0.0,0.0,0.0,0.0,0.0,0.0,0.0,0.0,0.0,0.0
Ursus americanus cinnamomum,0.0,0.0,0.0,0.0,0.0,0.0,0.0,0.0,0.0,0.0,0.0,0.0,0.0,0.0,0.0,0.02564102564102564,0.0,0.0,0.0,0.0,0.0,0.0,0.0,0.0,0.0,0.0,0.0,0.0,0.0,0.0,0.0,0.0,0.0,0.0,0.0,0.0,0.0,0.0,0.0,0.0,0.0,0.0,0.0,0.0,0.0,0.0,0.0,0.0,0.0,0.0,0.0,0.0,0.0,0.0,0.0,0.0,0.0,0.0,0.0,0.0,0.0,0.0,0.0,0.0,0.0,0.0,0.0
Ursus arctos,0.0,0.09090909090909091,0.0,0.0,0.0,0.0,0.0,0.0,0.0,0.0078125,0.0,0.0,0.0,0.02040816326530612,0.0,0.0,0.0,0.0,0.0,0.0,0.0,0.0,0.0,0.0,0.0,0.0,0.0,0.0,0.0,0.0,0.0,0.0,0.0,0.0,0.0,0.0,0.0,0.0,0.0,0.0,0.0,0.0,0.0,0.0,0.0,0.0,0.0,0.0,0.0,0.0,0.0,0.0,0.0,0.0,0.0,0.0,0.0,0.0,0.030303030303030304,0.0,0.0,0.0,0.0,0.0,0.0,0.0625,0.0
Ursus arctos horribilis,0.0,0.0,0.0,0.0,0.0,0.0,0.0,0.0,0.0,0.0,0.041666666666666664,0.0,0.0,0.0,0.0,0.0,0.011235955056179775,0.0,0.0,0.0,0.0,0.0,0.0,0.0,0.0,0.0,0.0,0.0,0.0,0.0,0.0,0.024390243902439025,0.0,0.0,0.0,0.0,0.0,0.0,0.0,0.029411764705882353,0.0,0.014492753623188406,0.018518518518518517,0.0,0.0,0.0,0.0,0.0,0.0,0.0,0.0,0.0,0.0,0.0,0.0,0.0,0.0,0.020833333333333332,0.0,0.0,0.01818181818181818,0.0,0.0,0.08571428571428572,0.0,0.0,0.0
Vulpes vulpes,0.0,0.0,0.0,0.0,0.16666666666666666,0.0,0.0,0.0,0.047619047619047616,0.0078125,0.0,0.0,0.0,0.02040816326530612,0.0,0.02564102564102564,0.02247191011235955,0.05555555555555555,0.0,0.02702702702702703,0.0,0.0,0.0,0.06666666666666667,0.0625,0.0,0.07407407407407407,0.0,0.0,0.0,0.0,0.0,0.0,0.0,0.0,0.0,0.0,0.0,0.0,0.0,0.07692307692307693,0.014492753623188406,0.07407407407407407,0.05128205128205128,0.05555555555555555,0.029411764705882353,0.045454545454545456,0.0,0.0,0.0,0.0,0.0,0.0,0.0,0.0,0.0,0.0,0.0,0.0,0.0,0.03636363636363636,0.06666666666666667,0.0,0.0,0.13333333333333333,0.0,0.13636363636363635
Vulpes vulpes abietorum,0.0,0.0,0.06666666666666667,0.0,0.0,0.0,0.0,0.0,0.0,0.0,0.0,0.0,0.0,0.02040816326530612,0.0,0.0,0.0,0.0,0.0,0.0,0.0,0.0,0.0,0.0,0.0,0.0,0.0,0.0,0.0,0.0,0.0,0.0,0.0,0.0,0.0,0.0,0.0,0.0,0.0,0.0,0.0,0.0,0.0,0.0,0.0,0.0,0.0,0.0,0.0,0.0,0.0,0.0,0.0,0.0,0.0,0.0,0.0,0.0,0.0,0.0,0.0,0.0,0.0,0.0,0.03333333333333333,0.0,0.0
Zapus hudsonius,0.0,0.0,0.0,0.0,0.0,0.0,0.0,0.0,0.0,0.0,0.0,0.0,0.0,0.0,0.0,0.0,0.0,0.0,0.0,0.0,0.0,0.0,0.0,0.0,0.0,0.0,0.0,0.0,0.0,0.0,0.0,0.0,0.0,0.0,0.0,0.0,0.0,0.0,0.0,0.0,0.0,0.0,0.0,0.0,0.0,0.0,0.0,0.0,0.0,0.0,0.0,0.0,0.0,0.0,0.0,0.0,0.0,0.0,0.0,0.0,0.0,0.0,0.0,0.0,0.0,0.0,0.0
Zapus princeps,0.0,0.0,0.0,0.0,0.0,0.0,0.0,0.0,0.0,0.0,0.0,0.0,0.0,0.0,0.0,0.0,0.0,0.0,0.0,0.0,0.0,0.0,0.0,0.0,0.0,0.0,0.0,0.0,0.0,0.0,0.0,0.0,0.0,0.0,0.0,0.0,0.0,0.0,0.0,0.0,0.0,0.0,0.0,0.0,0.0,0.0,0.0,0.0,0.0,0.0,0.0,0.0,0.0,0.0,0.0,0.0,0.0,0.0,0.0,0.0,0.0,0.0,0.0,0.0,0.0,0.0,0.0
